Framework,Training Time (s),Mean Inference Time NN (ms),Mean Cartesian Error NN (mm),Max Cartesian Error NN (mm),Accuracy NN <0.5mm (%),Mean Inference Time NR (ms),Mean Cartesian Error NR (mm),Max Cartesian Error NR (mm),Accuracy NR <0.5mm (%)
tensorflow,625.0926327705383,64.90016512870788,95.95865638643548,687.2132753220463,0.0,5.8321528196334835,2.0854496517369117,649.3854981756067,67.78
pytorch,98.6795380115509,0.856494402885437,101.99989280452048,689.5035433902103,0.0,5.699872899055481,2.3177289898230633,449.8873323618417,61.0
sklearn,174.02758240699768,0.47388741970062254,66.45373114331649,676.0815604238211,0.0,5.397008800506592,1.3359521292928844,291.6487310884893,82.37
