DOF,Framework,Training Time (s),Inference Time (ms),Mean Error (mm),Max Error (mm),Accuracy < 0.5mm (%)
3,tensorflow,11.543488502502441,73.27191829681396,225.38535438984474,403.90653874474333,0.0
4,tensorflow,20.538081407546997,60.40492057800293,63.62018675162159,107.81022185186798,0.0
