Framework,Training Time (s),Inference Time (ms),Mean Error (mm),Max Error (mm),Accuracy < 0.5mm (%)
tensorflow,52.36634373664856,58.688111305236816,125.8915568126635,614.5136331358332,0.0
pytorch,153.2270963191986,0.6181097030639648,70.99626177312635,511.23277764479644,0.0
sklearn,43.29972529411316,0.4873943328857422,76.46213694631373,484.94633220035195,0.0
