Framework,Training Time (s),Inference Time (ms),Mean Error (mm),Max Error (mm),Accuracy < 0.5mm (%)
tensorflow,61.515315771102905,69.81096398830414,101.6815250558322,690.1847548022582,0.0
pytorch,18.043762683868408,0.5952675342559814,86.91625078067877,682.3111063615432,0.0
sklearn,29.77267837524414,0.3803340991338094,69.75136157201278,671.5525411355405,0.0
