Framework,Training Time (s),Inference Time (ms),Mean Error (mm),Max Error (mm),Accuracy < 0.5mm (%)
tensorflow,18.477243900299072,63.26675542195638,137.66253746602703,499.1799371814284,0.0
pytorch,11.048553228378296,0.49405086040496826,143.89166224622585,498.5622900179582,0.0
sklearn,11.030503749847412,0.35283732414245605,145.33208456445894,498.0270542227847,0.016666666666666666
