Framework,Training Time (s),Inference Time (ms),Mean Error (mm),Max Error (mm),Accuracy < 0.5mm (%)
tensorflow,4.389807224273682,79.74081039428711,309.0321294914097,664.517911017831,0.0
pytorch,1.6128761768341064,0.3989219665527344,214.65483345040124,400.21038616314377,0.0
sklearn,1.8604137897491455,0.1990795135498047,92.44982448414157,181.5942997165049,0.0
