Framework,Training Time (s),Inference Time (ms),Mean Error (mm),Max Error (mm),Accuracy < 0.5mm (%)
tensorflow,68.16339659690857,64.52029228210449,155.00714420978358,497.18023800978807,0.0
pytorch,44.85579514503479,0.5387691259384155,153.1619331695389,493.9344761967714,0.0
sklearn,2.9040026664733887,0.36873841285705566,153.5217555951385,499.5973224394369,0.0
