Framework,Training Time (s),Inference Time (ms),Mean Error (mm),Max Error (mm),Accuracy < 0.5mm (%)
tensorflow,14.344602823257446,59.81550693511963,152.0647359491952,495.1453411533946,0.0
pytorch,132.54553890228271,0.6078672409057617,144.25952070195933,479.8295289495323,0.0
sklearn,51.11359214782715,0.40891170501708984,142.20941756836277,478.2982546767847,0.0
